project;ncommits;nauthors;from;to;nstars;nforks;lastGHCommitDate;LongestGapStart (YYYY-MM);LongestGapEnd (YYYY-MM);LongestGapLength;NumCommitsAfterLastGap;NumberOfGapsInTimeline;ActivityPattern;BeforeThemes;AfterThemes;HypothesizedGapReason;HasRecovered;WhyRecovered;WhoRecovered;Currentstatus;RecentThemes;Notes
arnaudon_netsalt;425;15;2019-02-18;2024-12-05;9;4;2026-08-14;2023-10;2024-04;7;20;3;declining;Other:Bug fixes;Bug fixes:Other;Maintainer paused after a big code cleanup. Nobody else was really contributing, and no issues or PRs were waiting during the gap.;Yes;A user reported a bug and the maintainer fixed it right away.;Mostly the same maintainer, plus a couple of outside contributors.;Active;Bug fixes:Other;Declining but still maintained by one person in small bursts. The gap was easy to explain: a cleanup, then quiet until a user reported a bug. Still active.
bbn-q_auspex;3636;75;2015-09-11;2025-05-30;34;15;2026-06-18;2022-06;2023-01;8;88;5;declining;Bug fixes:Other;Bug fixes:Other;Small team that only seems to work on it when the hardware needs fixes. Activity was already low before the gap and no issues or PRs were opened during it.;Yes;Fixes for hardware compatibility problems.;The same developer.;Active;Bug fixes:Automated bot contributions;Declining. Busy early and mostly quiet since, with short bursts of fixes. The gap was hard to explain because there is little to go on, so the reason is a guess. It recovered a little with the same developer.
blegat_switchonsafety.jl;545;9;2016-09-25;2024-08-22;24;2;2024-08-14;2023-03;2023-12;10;63;5;irregular;Documentation updates:Automated bot contributions;Dependency updates:Automated bot contributions;Project in maintenance mode with one maintainer. Commits before the gap were mostly docs and bots, and no issues or PRs were opened during it.;Yes;Updates to keep the project working with newer tools and versions.;Mostly the same maintainer and bots, plus one new contributor.;Inactive;Automated bot contributions:Dependency updates;Irregular bursts from one maintainer plus bots. The gap is probably maintenance mode, and it came back for updates. Inactive now.
connectomicslab_connectomemapper3;3789;30;2012-09-20;2026-03-20;87;31;2025-02-04;2016-09;2017-05;9;3610;7;declining;Bug fixes:Feature development;Feature development:Other;Handed off and rewritten by a new maintainer. The old developer's commits stop and the next ones describe a major rewrite.;Yes;A new development phase with the rewrite.;A new person took over. None of the earlier authors came back.;Inactive;Bug fixes:Automated bot contributions;Quiet early on, a big peak in the middle, and fading now. The gap was a handoff to a new maintainer who rewrote it, not an abandonment. Inactive by the 6 month rule.
havakv_pycox;414;38;2018-02-12;2025-10-30;996;203;2024-09-04;2023-09;2024-08;12;23;7;declining;Bug fixes:Dependency updates;Dependency updates:Release;Original maintainer went quiet while other people patched things and issues piled up unanswered.;Yes;Install and dependency problems. The maintainer came back to update versions and make a new release.;The original maintainer returned, along with some outside contributors.;Inactive;Bug fixes:Dependency updates;Declining after an early peak. The gap matches unanswered issues, and it ended when the original maintainer updated things and made a release. Inactive now.
matsengrp_transport;307;10;2019-05-14;2024-08-24;4;0;2024-08-24;2022-10;2024-07;22;1;4;declining;Documentation updates:Feature development;Documentation updates;Research code for a paper that was finished. The README now says it is no longer being developed and points to a newer package.;No;N/A (only one README edit pointing to the newer package);N/A (the only commit is from an existing author);Inactive;Documentation updates:Feature development;Declining to zero. Easy to explain since the README says it is no longer developed and points to a replacement. Inactive.
pythonot_pot;5212;190;2016-10-20;2026-04-10;2848;569;2026-10-05;2018-12;2019-02;3;4407;1;irregular;Bug fixes:Other;Documentation updates:Bug fixes;Short break after a release and some cleanup. The project is active otherwise and the issues around the gap were closed, so it looks like a normal quiet stretch.;Yes;A bug report that got fixed quickly, followed by docs and new features.;The same main maintainers, plus one new contributor.;Active;Feature development:Documentation updates;Rising overall with big irregular spikes. The only long gap was a short break after a release, and it picked back up after a bug report. Very active.
salan668_fae;510;30;2018-06-11;2025-09-01;172;50;2026-09-26;2020-03;2020-04;2;198;0;declining;Feature development:Bug fixes;Feature development:Release;N/A active Project;N/A;N/A;N/A;Active;Release:Bug fixes;Declining from a strong start but still active, with no real gap. Different people were committing before and after the short break. Active.
seung-lab_igneous;1897;37;2017-12-15;2025-10-22;69;24;2026-09-30;2023-08;2023-08;1;408;0;U-shaped;Bug fixes:Feature development;Bug fixes:Release;N/A active Project;N/A;N/A;N/A;Active;Bug fixes:Other;Active the whole time with no real gap, mostly from one maintainer. Active.
vsamy_copra;317;14;2016-10-10;2025-07-23;43;10;2026-07-04;2023-07;2025-05;23;6;9;declining;Other:Dependency updates;Other:Dependency updates;Library seems finished and stable. The last commits before the gap were a release and small upkeep, and no issues or PRs were opened during the gap.;Yes;Updates to keep it working on newer systems and a new release.;New maintainers. The earlier maintainer doesn't show up after the gap.;Active;Other:Dependency updates;Declining to almost nothing, with very few commits after the gap. Looks like a finished library that got a small update for newer systems. Active by the rule.
