Month;#Commits
2015-09;46
2015-10;64
2015-11;25
2015-12;41
2016-01;21
2016-02;45
2016-03;13
2016-04;38
2016-05;7
2016-06;130
2016-07;41
2016-08;102
2016-09;20
2016-10;15
2016-11;60
2016-12;128
2017-01;193
2017-02;66
2017-03;42
2017-04;96
2017-05;59
2017-06;48
2017-07;67
2017-08;165
2017-09;88
2017-10;74
2017-11;164
2017-12;45
2018-01;56
2018-02;73
2018-03;44
2018-04;53
2018-05;35
2018-06;20
2018-07;48
2018-08;49
2018-09;69
2018-10;34
2018-11;73
2018-12;43
2019-01;127
2019-02;82
2019-03;128
2019-04;47
2019-05;56
2019-06;30
2019-07;86
2019-08;65
2019-09;41
2019-10;80
2019-11;32
2019-12;28
2020-01;23
2020-02;8
2020-03;3
2020-04;21
2020-05;23
2020-06;10
2020-07;9
2020-08;0
2020-09;0
2020-10;29
2020-11;2
2020-12;52
2021-01;15
2021-02;7
2021-03;11
2021-04;23
2021-05;1
2021-06;0
2021-07;0
2021-08;0
2021-09;5
2021-10;0
2021-11;0
2021-12;0
2022-01;0
2022-02;0
2022-03;0
2022-04;2
2022-05;2
2022-06;0
2022-07;0
2022-08;0
2022-09;0
2022-10;0
2022-11;0
2022-12;0
2023-01;0
2023-02;10
2023-03;0
2023-04;0
2023-05;0
2023-06;0
2023-07;0
2023-08;2
2023-09;0
2023-10;0
2023-11;0
2023-12;0
2024-01;0
2024-02;0
2024-03;2
2024-04;0
2024-05;0
2024-06;3
2024-07;0
2024-08;5
2024-09;0
2024-10;2
2024-11;42
2024-12;13
2025-01;0
2025-02;3
2025-03;3
2025-04;1
2025-05;2
